<?xml version="1.0" encoding="UTF-8"?>
<doctrine-mapping
    xmlns="http://doctrine-project.org/schemas/phpcr-odm/phpcr-mapping"
    xmlns:xsi="http://www.w3.org/2001/XMLSchema-instance"
    xsi:schemaLocation="http://doctrine-project.org/schemas/phpcr-odm/phpcr-mapping
        https://github.com/doctrine/phpcr-odm/raw/master/doctrine-phpcr-odm-mapping.xsd"
>

    <mapped-superclass name="Symfony\Component\Routing\Route">
        <field name="host" type="string"/>
        <field name="schemes" type="string" multivalue="true"/>
        <field name="methods" type="string" multivalue="true"/>
        <field name="defaults" type="string" assoc=""/>
        <field name="requirements" type="string" assoc=""/>
        <field name="options" type="string" assoc=""/>
        <field name="condition" type="string"/>
    </mapped-superclass>

</doctrine-mapping>
